,user,num_of_hits,total_seconds
0,1.32.68.217,2,7.0
1,1.32.69.35,1,0.0
2,1.32.73.250,6,4934.0
3,1.32.98.248,86,2472.0
4,1.9.107.127,2,3.0
5,1.9.124.87,1,0.0
6,1.9.189.94,4,33140.0
7,1.9.95.223,2,1.0
8,1.9.97.79,1,0.0
9,103.1.106.11,857,422359.0
10,103.21.44.42,1,0.0
11,103.25.248.253,1,0.0
12,110.159.12.242,1,0.0
13,110.159.126.28,62,1136.0
14,110.159.31.52,2,2.0
15,110.159.46.177,2,2.0
16,110.159.79.229,2,8.0
17,111.65.60.147,1,0.0
18,111.65.63.161,1,0.0
19,111.90.140.61,2,4.0
20,111.90.140.69,19,192.0
21,111.90.141.43,2,1.0
22,113.210.101.149,5,81.0
23,113.210.101.69,1,0.0
24,113.210.102.99,1,0.0
25,113.210.104.227,1,0.0
26,113.210.105.109,33,213.0
27,113.210.105.138,77,1657.0
28,113.210.105.229,2,6.0
29,113.210.106.202,1,0.0
30,113.210.107.237,1,0.0
31,113.210.107.239,1,0.0
32,113.210.107.29,1,0.0
33,113.210.108.146,1,0.0
34,113.210.108.167,2,43.0
35,113.210.108.77,1,0.0
36,113.210.109.131,1,0.0
37,113.210.109.71,1,0.0
38,113.210.110.199,1,0.0
39,113.210.110.58,2,4.0
40,113.210.111.125,1,0.0
41,113.210.111.232,1,0.0
42,113.210.111.47,2,8.0
43,113.210.112.152,1,0.0
44,113.210.112.163,1,0.0
45,113.210.112.167,1,0.0
46,113.210.112.29,1,0.0
47,113.210.113.138,1,0.0
48,113.210.113.167,1,0.0
49,113.210.113.89,2,4.0
50,113.210.114.209,1,0.0
51,113.210.115.34,1,0.0
52,113.210.116.243,2,5.0
53,113.210.117.0,1,0.0
54,113.210.117.205,1,0.0
55,113.210.117.210,2,12.0
56,113.210.117.56,80,1370.0
57,113.210.118.230,1,0.0
58,113.210.118.239,1,0.0
59,113.210.118.5,1,0.0
60,113.210.119.125,1,0.0
61,113.210.119.76,1,0.0
62,113.210.119.89,2,1.0
63,113.210.120.200,2,8.0
64,113.210.120.88,2,2.0
65,113.210.121.124,1,0.0
66,113.210.121.212,1,0.0
67,113.210.121.229,2,21060.0
68,113.210.121.28,2,1.0
69,113.210.121.56,1,0.0
70,113.210.121.99,1,0.0
71,113.210.122.133,1,0.0
72,113.210.122.184,2,3.0
73,113.210.122.36,1,0.0
74,113.210.122.54,1,0.0
75,113.210.122.8,1,0.0
76,113.210.123.184,2,8.0
77,113.210.124.123,1,0.0
78,113.210.124.204,1,0.0
79,113.210.125.6,1,0.0
80,113.210.126.58,1,0.0
81,113.210.127.180,1,0.0
82,113.210.48.54,1,0.0
83,113.210.49.177,69,270.0
84,113.210.49.206,2,4.0
85,113.210.49.35,1,0.0
86,113.210.51.101,1,0.0
87,113.210.51.119,1,0.0
88,113.210.52.223,1,0.0
89,113.210.53.100,1,0.0
90,113.210.53.172,1,0.0
91,113.210.53.176,78,2433.0
92,113.210.53.183,1,0.0
93,113.210.53.237,1,0.0
94,113.210.53.67,2,26.0
95,113.210.54.164,1,0.0
96,113.210.54.202,2,1.0
97,113.210.54.69,1,0.0
98,113.210.55.10,94,5857.0
99,113.210.56.117,1,0.0
100,113.210.56.135,1,0.0
101,113.210.56.168,2,6.0
102,113.210.56.197,1,0.0
103,113.210.56.2,1,0.0
104,113.210.56.235,2,4.0
105,113.210.56.247,1,0.0
106,113.210.57.100,1,0.0
107,113.210.57.160,1,0.0
108,113.210.57.197,1,0.0
109,113.210.57.20,2,22890.0
110,113.210.57.249,1,0.0
111,113.210.57.50,1,0.0
112,113.210.58.156,1,0.0
113,113.210.58.192,1,0.0
114,113.210.58.56,1,0.0
115,113.210.59.128,2,2.0
116,113.210.59.45,1,0.0
117,113.210.59.91,1,0.0
118,113.210.60.180,2,89666.0
119,113.210.61.148,1,0.0
120,113.210.62.78,1,0.0
121,113.210.63.206,1,0.0
122,113.210.63.230,2,4.0
123,113.210.96.142,3,80.0
124,113.210.97.53,1,0.0
125,113.210.99.101,1,0.0
126,113.211.102.189,1,0.0
127,113.211.105.125,1,0.0
128,113.211.106.230,1,0.0
129,113.211.110.47,1,0.0
130,113.211.110.54,1,0.0
131,113.211.112.152,1,0.0
132,113.211.116.164,2,3.0
133,113.211.116.240,4,38.0
134,113.211.116.249,1,0.0
135,113.211.117.112,2,2.0
136,113.211.119.48,2,4.0
137,113.211.124.15,1,0.0
138,113.211.126.47,1,0.0
139,113.211.127.254,1,0.0
140,113.211.127.56,1,0.0
141,113.211.127.81,3,5.0
142,113.211.128.107,1,0.0
143,113.211.128.229,1,0.0
144,113.211.130.218,2,25.0
145,113.211.130.70,1,0.0
146,113.211.136.133,1,0.0
147,113.211.139.162,36,1256.0
148,113.211.141.242,1,0.0
149,113.211.143.186,1,0.0
150,113.211.144.16,1,0.0
151,113.211.147.93,1,0.0
152,113.211.148.105,1,0.0
153,113.211.148.206,1,0.0
154,113.211.154.53,1,0.0
155,113.211.155.205,1,0.0
156,113.211.157.135,1,0.0
157,113.211.157.179,2,24.0
158,113.211.162.74,4,55.0
159,113.211.163.78,2,4.0
160,113.211.164.160,1,0.0
161,113.211.165.187,1,0.0
162,113.211.170.9,1,0.0
163,113.211.178.134,1,0.0
164,113.211.178.168,2,14.0
165,113.211.178.236,2,6.0
166,113.211.180.68,1,0.0
167,113.211.188.221,2,19.0
168,113.211.189.213,1,0.0
169,113.211.208.64,1,0.0
170,113.211.208.79,2,3.0
171,113.211.208.89,2,2.0
172,113.211.98.149,1,0.0
173,113.211.98.43,2,17.0
174,113.96.219.105,1,0.0
175,114.5.215.11,1,0.0
176,115.132.168.144,1,0.0
177,115.132.174.58,1,0.0
178,115.132.179.31,2,1.0
179,115.132.2.65,1,0.0
180,115.132.46.17,1,0.0
181,115.132.46.4,1,0.0
182,115.133.10.96,2,4.0
183,115.133.102.210,2,4.0
184,115.133.217.196,2,6.0
185,115.133.225.166,1,0.0
186,115.133.54.114,2,3.0
187,115.133.6.42,2,5.0
188,115.133.65.70,2,3.0
189,115.134.193.34,2,1.0
190,115.134.20.130,1,0.0
191,115.134.34.201,1,0.0
192,115.134.53.49,3,123921.0
193,115.134.57.79,1,0.0
194,115.134.60.51,1,0.0
195,115.135.12.196,1,0.0
196,115.135.124.177,1,0.0
197,115.135.177.18,2,3.0
198,115.164.168.177,1,0.0
199,115.164.168.20,1,0.0
200,115.164.168.203,1,0.0
201,115.164.168.247,1,0.0
202,115.164.168.33,4,63.0
203,115.164.169.167,1,0.0
204,115.164.169.254,1,0.0
205,115.164.171.114,2,7.0
206,115.164.171.2,1,0.0
207,115.164.171.29,2,5.0
208,115.164.171.78,2,39.0
209,115.164.171.88,1,0.0
210,115.164.172.113,1,0.0
211,115.164.174.193,1,0.0
212,115.164.175.0,1,0.0
213,115.164.175.254,2,6.0
214,115.164.175.52,1,0.0
215,115.164.178.190,1,0.0
216,115.164.178.221,1,0.0
217,115.164.178.97,1,0.0
218,115.164.179.231,1,0.0
219,115.164.180.141,1,0.0
220,115.164.180.201,2,7.0
221,115.164.180.242,1,0.0
222,115.164.181.106,1,0.0
223,115.164.181.147,2,14832.0
224,115.164.183.171,1,0.0
225,115.164.183.82,1,0.0
226,115.164.183.99,6,8680.0
227,115.164.185.215,1,0.0
228,115.164.185.56,1,0.0
229,115.164.185.77,1,0.0
230,115.164.186.24,1,0.0
231,115.164.187.214,1,0.0
232,115.164.188.36,45,192831.0
233,115.164.189.155,1,0.0
234,115.164.189.202,1,0.0
235,115.164.190.4,1,0.0
236,115.164.191.26,40,335.0
237,115.164.200.10,1,0.0
238,115.164.200.193,1,0.0
239,115.164.200.212,1,0.0
240,115.164.200.80,1,0.0
241,115.164.201.112,2,4.0
242,115.164.201.169,1,0.0
243,115.164.201.243,2,3.0
244,115.164.203.21,1,0.0
245,115.164.204.177,1,0.0
246,115.164.206.203,1,0.0
247,115.164.206.21,1,0.0
248,115.164.206.38,4,7.0
249,115.164.207.156,1,0.0
250,115.164.208.38,1,0.0
251,115.164.209.140,1,0.0
252,115.164.209.170,1,0.0
253,115.164.209.88,1,0.0
254,115.164.210.5,1,0.0
255,115.164.210.93,2,3.0
256,115.164.211.222,2,14.0
257,115.164.212.18,1,0.0
258,115.164.212.91,1,0.0
259,115.164.212.93,2,3.0
260,115.164.214.59,1,0.0
261,115.164.215.148,1,0.0
262,115.164.215.152,2,3.0
263,115.164.215.188,1,0.0
264,115.164.215.199,2,4.0
265,115.164.215.4,1,0.0
266,115.164.216.108,2,4.0
267,115.164.216.225,1,0.0
268,115.164.216.254,1,0.0
269,115.164.216.52,1,0.0
270,115.164.217.102,1,0.0
271,115.164.217.197,1,0.0
272,115.164.217.47,1,0.0
273,115.164.219.102,1,0.0
274,115.164.219.14,2,6.0
275,115.164.220.44,1,0.0
276,115.164.220.71,1,0.0
277,115.164.221.138,1,0.0
278,115.164.221.36,2,6.0
279,115.164.221.49,1,0.0
280,115.164.222.121,1,0.0
281,115.164.222.243,1,0.0
282,115.164.222.32,1,0.0
283,115.164.223.248,1,0.0
284,115.164.223.52,1,0.0
285,115.164.40.19,1,0.0
286,115.164.40.3,2,15.0
287,115.164.40.32,1,0.0
288,115.164.41.253,1,0.0
289,115.164.41.31,4,184.0
290,115.164.42.137,2,7.0
291,115.164.42.223,2,9.0
292,115.164.42.230,1,0.0
293,115.164.43.100,1,0.0
294,115.164.44.173,1,0.0
295,115.164.45.251,2,17.0
296,115.164.46.137,1,0.0
297,115.164.46.14,1,0.0
298,115.164.46.196,2,1.0
299,115.164.46.24,54,16922.0
300,115.164.48.164,1,0.0
301,115.164.49.118,1,0.0
302,115.164.50.75,1,0.0
303,115.164.52.142,2,4.0
304,115.164.52.151,1,0.0
305,115.164.52.152,2,5.0
306,115.164.52.239,1,0.0
307,115.164.52.35,2,1.0
308,115.164.54.104,1,0.0
309,115.164.54.49,3,533.0
310,115.164.56.90,1,0.0
311,115.164.58.147,1,0.0
312,115.164.59.133,1,0.0
313,115.164.59.93,1,0.0
314,115.164.60.199,2,102.0
315,115.164.60.207,1,0.0
316,115.164.61.3,1,0.0
317,115.164.61.66,1,0.0
318,115.164.62.101,1,0.0
319,115.164.62.47,2,15.0
320,115.164.72.194,1,0.0
321,115.164.72.33,2,7.0
322,115.164.72.49,1,0.0
323,115.164.73.143,1,0.0
324,115.164.73.175,1,0.0
325,115.164.73.58,1,0.0
326,115.164.74.182,1,0.0
327,115.164.74.224,1,0.0
328,115.164.74.226,1,0.0
329,115.164.75.155,2,8.0
330,115.164.76.24,1,0.0
331,115.164.76.99,1,0.0
332,115.164.77.131,1,0.0
333,115.164.77.250,1,0.0
334,115.164.78.135,2,11.0
335,115.164.78.42,1,0.0
336,115.164.79.228,1,0.0
337,115.164.79.81,1,0.0
338,115.164.79.85,1,0.0
339,115.164.80.6,1,0.0
340,115.164.81.123,2,6.0
341,115.164.82.160,4,57.0
342,115.164.82.8,2,5.0
343,115.164.83.226,1,0.0
344,115.164.84.124,1,0.0
345,115.164.84.30,1,0.0
346,115.164.84.72,1,0.0
347,115.164.85.243,2,5.0
348,115.164.85.248,2,31.0
349,115.164.86.84,1,0.0
350,115.164.89.91,1,0.0
351,115.164.90.178,1,0.0
352,115.164.90.183,1,0.0
353,115.164.91.207,1,0.0
354,115.164.92.142,1,0.0
355,115.164.92.182,1,0.0
356,115.164.93.121,1,0.0
357,115.164.93.219,1,0.0
358,115.164.94.133,1,0.0
359,115.164.95.41,1,0.0
360,118.100.103.72,1,0.0
361,118.100.112.198,1,0.0
362,118.100.128.169,2,2.0
363,118.100.139.193,2,5.0
364,118.100.164.253,2,4.0
365,118.100.165.166,1,0.0
366,118.100.167.242,1,0.0
367,118.100.167.29,1,0.0
368,118.100.206.239,3,169212.0
369,118.100.210.14,2,2.0
370,118.100.244.103,4,148191.0
371,118.100.247.183,1,0.0
372,118.100.247.36,1,0.0
373,118.100.247.99,2,10.0
374,118.100.90.186,1,0.0
375,118.100.90.250,32,154.0
376,118.100.90.84,36,93.0
377,118.100.91.35,5,29187.0
378,118.101.141.92,1,0.0
379,118.101.161.140,6,105678.0
380,118.101.198.237,2,2.0
381,118.101.30.45,41,1798.0
382,118.101.46.23,1,0.0
383,118.101.60.159,1,0.0
384,118.101.78.252,2,2.0
385,118.163.203.105,1,0.0
386,119.40.126.228,38,481119.0
387,119.40.126.229,12,303503.0
388,121.121.53.23,2,2.0
389,121.121.56.76,2,3.0
390,121.122.126.24,102,6549.0
391,121.122.127.176,2,225875.0
392,121.122.89.65,2,4.0
393,121.123.22.74,1,0.0
394,121.123.49.123,64,2837.0
395,124.13.110.195,51,157.0
396,124.13.137.60,1,0.0
397,124.13.158.198,2,5.0
398,124.13.23.99,1,0.0
399,124.13.24.154,1,0.0
400,124.13.40.57,33,241.0
401,124.13.87.165,1,0.0
402,124.13.97.55,2,1.0
403,124.82.42.90,6,42.0
404,124.82.49.222,6,7305.0
405,124.82.66.122,1,0.0
406,124.82.92.153,2,3.0
407,128.199.84.115,7,1031.0
408,139.162.55.179,1,0.0
409,14.1.200.28,1,0.0
410,14.1.200.99,1,0.0
411,14.1.201.203,1,0.0
412,14.1.205.234,1,0.0
413,14.1.206.223,1,0.0
414,14.1.213.64,1,0.0
415,14.1.224.140,1,0.0
416,14.1.224.175,1,0.0
417,14.192.208.115,1,0.0
418,14.192.208.131,1,0.0
419,14.192.208.150,3,20.0
420,14.192.208.212,1,0.0
421,14.192.209.0,2,4.0
422,14.192.209.21,1,0.0
423,14.192.209.22,2,4.0
424,14.192.209.38,2,2.0
425,14.192.212.113,52,1906.0
426,14.192.212.164,1,0.0
427,14.192.212.208,2,8.0
428,14.192.213.11,2,6.0
429,14.192.213.140,2,2.0
430,14.192.213.142,1,0.0
431,14.192.213.99,97,1592.0
432,14.192.215.45,2,4.0
433,14.192.216.159,1,0.0
434,14.192.216.18,2,3.0
435,14.192.216.223,110,12007.0
436,14.192.216.96,2,3.0
437,14.192.217.173,1,0.0
438,14.192.217.67,36,494.0
439,14.192.220.203,1,0.0
440,14.192.220.238,1,0.0
441,14.192.221.222,1,0.0
442,147.158.145.0,4,2605.0
443,147.158.146.43,37,191141.0
444,147.158.158.195,1,0.0
445,147.158.166.6,4,36.0
446,147.158.195.116,64,1476.0
447,147.158.209.218,91,184972.0
448,147.158.214.90,1,0.0
449,147.158.227.81,1,0.0
450,147.158.245.52,53,150992.0
451,147.158.73.203,1,0.0
452,157.55.39.80,1,0.0
453,161.142.186.204,2,1.0
454,161.142.213.148,4,10.0
455,161.142.221.249,66,407.0
456,161.142.225.202,2,2.0
457,161.142.235.161,1,0.0
458,167.88.62.86,1,0.0
459,173.252.107.1,1,0.0
460,173.252.107.10,2,307468.0
461,173.252.107.11,1,0.0
462,173.252.107.117,3,25391.0
463,173.252.107.119,3,251293.0
464,173.252.107.12,1,0.0
465,173.252.107.120,1,0.0
466,173.252.107.14,5,357334.0
467,173.252.107.15,1,0.0
468,173.252.107.16,1,0.0
469,173.252.107.17,2,1.0
470,173.252.107.18,1,0.0
471,173.252.107.2,2,25392.0
472,173.252.107.20,1,0.0
473,173.252.107.22,4,56881.0
474,173.252.107.3,2,2.0
475,173.252.107.4,1,0.0
476,173.252.107.5,2,105606.0
477,173.252.107.6,2,25388.0
478,173.252.107.7,2,195550.0
479,173.252.107.8,1,0.0
480,173.252.107.9,1,0.0
481,173.252.111.1,2,27011.0
482,173.252.111.10,1,0.0
483,173.252.111.11,3,169468.0
484,173.252.111.111,1,0.0
485,173.252.111.112,2,1.0
486,173.252.111.117,2,210676.0
487,173.252.111.119,5,75211.0
488,173.252.111.12,2,27010.0
489,173.252.111.120,1,0.0
490,173.252.111.13,1,0.0
491,173.252.111.14,1,0.0
492,173.252.111.16,1,0.0
493,173.252.111.17,4,66030.0
494,173.252.111.19,2,15419.0
495,173.252.111.2,1,0.0
496,173.252.111.20,2,99030.0
497,173.252.111.21,1,0.0
498,173.252.111.23,3,254379.0
499,173.252.111.24,1,0.0
500,173.252.111.3,1,0.0
501,173.252.111.4,2,75211.0
502,173.252.111.5,1,0.0
503,173.252.111.6,3,91905.0
504,173.252.111.8,3,227370.0
505,173.252.111.9,3,43704.0
506,173.252.127.120,1,0.0
507,173.252.127.16,1,0.0
508,173.252.127.17,1,0.0
509,173.252.127.2,3,115.0
510,173.252.127.24,1,0.0
511,173.252.127.28,1,0.0
512,173.252.127.5,1,0.0
513,173.252.127.9,1,0.0
514,173.252.79.10,2,1.0
515,173.252.79.11,3,303318.0
516,173.252.79.117,1,0.0
517,173.252.79.118,2,65605.0
518,173.252.79.119,2,1.0
519,173.252.79.12,1,0.0
520,173.252.79.120,3,303320.0
521,173.252.79.13,1,0.0
522,173.252.79.15,3,315581.0
523,173.252.79.16,1,0.0
524,173.252.79.2,1,0.0
525,173.252.79.21,2,237713.0
526,173.252.79.23,3,303317.0
527,173.252.79.24,1,0.0
528,173.252.79.25,1,0.0
529,173.252.79.26,1,0.0
530,173.252.79.27,2,122926.0
531,173.252.79.3,1,0.0
532,173.252.79.30,1,0.0
533,173.252.79.32,1,0.0
534,173.252.79.33,3,65607.0
535,173.252.79.34,1,0.0
536,173.252.79.35,1,0.0
537,173.252.79.36,2,65604.0
538,173.252.79.4,1,0.0
539,173.252.79.5,2,1.0
540,173.252.79.6,2,372904.0
541,173.252.79.9,4,372906.0
542,173.252.83.1,13,540861.0
543,173.252.83.10,4,366429.0
544,173.252.83.11,5,566615.0
545,173.252.83.111,4,130776.0
546,173.252.83.112,6,347961.0
547,173.252.83.113,1,0.0
548,173.252.83.116,4,28545.0
549,173.252.83.117,8,102416.0
550,173.252.83.118,6,555988.0
551,173.252.83.119,13,555992.0
552,173.252.83.12,3,450536.0
553,173.252.83.120,10,522315.0
554,173.252.83.13,3,441634.0
555,173.252.83.14,2,516122.0
556,173.252.83.15,6,476761.0
557,173.252.83.16,7,516139.0
558,173.252.83.17,13,357905.0
559,173.252.83.18,9,540852.0
560,173.252.83.19,7,477659.0
561,173.252.83.2,10,303152.0
562,173.252.83.20,13,506267.0
563,173.252.83.21,7,477659.0
564,173.252.83.22,4,426496.0
565,173.252.83.23,4,361296.0
566,173.252.83.24,1,0.0
567,173.252.83.3,4,387107.0
568,173.252.83.4,3,29913.0
569,173.252.83.5,8,566614.0
570,173.252.83.6,7,470181.0
571,173.252.83.7,1,0.0
572,173.252.83.8,9,506265.0
573,173.252.83.9,7,428634.0
574,173.252.87.10,1,0.0
575,173.252.87.11,1,0.0
576,173.252.87.111,1,0.0
577,173.252.87.117,1,0.0
578,173.252.87.118,1,0.0
579,173.252.87.12,2,421835.0
580,173.252.87.120,1,0.0
581,173.252.87.14,4,325673.0
582,173.252.87.15,1,0.0
583,173.252.87.17,2,1.0
584,173.252.87.18,5,463232.0
585,173.252.87.19,3,388920.0
586,173.252.87.2,2,2380.0
587,173.252.87.20,1,0.0
588,173.252.87.21,1,0.0
589,173.252.87.22,4,255596.0
590,173.252.87.23,1,0.0
591,173.252.87.24,1,0.0
592,173.252.87.3,2,1.0
593,173.252.87.4,3,50677.0
594,173.252.87.5,1,0.0
595,173.252.87.6,3,288248.0
596,173.252.87.7,3,463231.0
597,173.252.87.8,1,0.0
598,173.252.95.1,3,282356.0
599,173.252.95.117,2,1.0
600,173.252.95.118,2,4.0
601,173.252.95.119,1,0.0
602,173.252.95.13,1,0.0
603,173.252.95.14,1,0.0
604,173.252.95.15,1,0.0
605,173.252.95.16,2,402023.0
606,173.252.95.17,2,198331.0
607,173.252.95.19,5,450252.0
608,173.252.95.2,2,124103.0
609,173.252.95.20,3,203697.0
610,173.252.95.21,1,0.0
611,173.252.95.23,4,390419.0
612,173.252.95.24,1,0.0
613,173.252.95.29,2,1.0
614,173.252.95.3,1,0.0
615,173.252.95.30,2,1.0
616,173.252.95.31,1,0.0
617,173.252.95.4,1,0.0
618,173.252.95.5,1,0.0
619,173.252.95.7,1,0.0
620,173.252.95.8,1,0.0
621,173.252.95.9,1,0.0
622,175.136.144.147,2,3.0
623,175.136.224.10,2,4.0
624,175.136.81.224,1,0.0
625,175.136.93.131,2,1.0
626,175.137.134.115,204,110470.0
627,175.137.182.138,1,0.0
628,175.137.207.104,1,0.0
629,175.137.241.155,36,4222.0
630,175.137.38.231,381,349301.0
631,175.137.58.199,1,0.0
632,175.137.82.113,2,2.0
633,175.138.176.125,2,2.0
634,175.138.199.179,2,1.0
635,175.138.207.169,1,0.0
636,175.138.231.161,1,0.0
637,175.139.37.42,3,3.0
638,175.139.39.215,31,30.0
639,175.139.74.118,41,345.0
640,175.140.106.161,1,0.0
641,175.140.238.205,1,0.0
642,175.140.49.81,1,0.0
643,175.141.232.68,1,0.0
644,175.141.67.34,85,2709.0
645,175.141.9.247,1,0.0
646,175.142.191.93,1,0.0
647,175.142.193.125,1,0.0
648,175.142.194.177,2,5.0
649,175.142.204.221,50,213.0
650,175.142.207.140,20,2053.0
651,175.142.207.55,32,31.0
652,175.142.209.106,33,207.0
653,175.142.47.197,1,0.0
654,175.142.95.232,1,0.0
655,175.142.95.49,1,0.0
656,175.143.154.214,2,4.0
657,175.143.242.8,1,0.0
658,175.143.254.40,1,0.0
659,175.143.31.27,1,0.0
660,175.144.101.171,74,1689.0
661,175.144.14.109,2,2.0
662,175.144.188.216,3,61464.0
663,175.144.190.138,2,1.0
664,175.144.72.83,1,0.0
665,175.144.77.74,1,0.0
666,175.144.86.170,1,0.0
667,175.145.118.160,2,14.0
668,175.145.118.170,1,0.0
669,175.145.218.143,1,0.0
670,175.145.247.178,1,0.0
671,175.145.59.208,1,0.0
672,18.206.183.26,1,0.0
673,18.209.160.101,1,0.0
674,18.212.27.105,1,0.0
675,180.72.119.221,2,4.0
676,180.72.139.191,1,0.0
677,180.72.143.175,2,1.0
678,180.72.159.66,2,3.0
679,180.72.183.241,53,345.0
680,180.72.255.83,2,2.0
681,180.73.20.183,1,0.0
682,180.73.200.197,1,0.0
683,180.74.136.191,1,0.0
684,180.74.14.50,75,1788.0
685,180.74.194.16,1,0.0
686,180.75.109.18,13,12.0
687,180.75.53.59,1,0.0
688,183.171.100.207,1,0.0
689,183.171.100.99,1,0.0
690,183.171.106.76,1,0.0
691,183.171.107.19,1,0.0
692,183.171.107.39,2,25.0
693,183.171.108.235,1,0.0
694,183.171.112.238,1,0.0
695,183.171.113.52,1,0.0
696,183.171.115.103,1,0.0
697,183.171.115.223,1,0.0
698,183.171.116.102,1,0.0
699,183.171.116.67,1,0.0
700,183.171.117.140,1,0.0
701,183.171.117.150,1,0.0
702,183.171.117.196,1,0.0
703,183.171.117.216,1,0.0
704,183.171.117.239,1,0.0
705,183.171.117.3,1,0.0
706,183.171.117.9,1,0.0
707,183.171.118.120,1,0.0
708,183.171.118.20,1,0.0
709,183.171.118.46,1,0.0
710,183.171.119.52,1,0.0
711,183.171.119.64,1,0.0
712,183.171.123.185,1,0.0
713,183.171.124.165,1,0.0
714,183.171.124.242,1,0.0
715,183.171.124.245,1,0.0
716,183.171.124.51,1,0.0
717,183.171.124.64,1,0.0
718,183.171.125.49,1,0.0
719,183.171.126.192,1,0.0
720,183.171.126.47,1,0.0
721,183.171.127.153,1,0.0
722,183.171.127.235,1,0.0
723,183.171.127.6,1,0.0
724,183.171.128.62,3,17.0
725,183.171.129.157,1,0.0
726,183.171.132.140,4,58347.0
727,183.171.132.196,1,0.0
728,183.171.132.198,1,0.0
729,183.171.133.228,1,0.0
730,183.171.134.10,1,0.0
731,183.171.134.152,1,0.0
732,183.171.135.87,1,0.0
733,183.171.142.213,1,0.0
734,183.171.158.123,1,0.0
735,183.171.16.31,1,0.0
736,183.171.18.210,1,0.0
737,183.171.18.234,1,0.0
738,183.171.184.127,2,22360.0
739,183.171.184.129,1,0.0
740,183.171.184.130,1,0.0
741,183.171.184.145,1,0.0
742,183.171.184.156,1,0.0
743,183.171.184.18,1,0.0
744,183.171.184.47,1,0.0
745,183.171.184.55,1,0.0
746,183.171.184.59,1,0.0
747,183.171.184.7,1,0.0
748,183.171.184.96,1,0.0
749,183.171.185.63,105,1051.0
750,183.171.185.67,1,0.0
751,183.171.185.94,1,0.0
752,183.171.185.95,1,0.0
753,183.171.19.156,1,0.0
754,183.171.19.28,1,0.0
755,183.171.19.60,1,0.0
756,183.171.20.135,1,0.0
757,183.171.20.44,1,0.0
758,183.171.20.8,2,12.0
759,183.171.22.89,1,0.0
760,183.171.23.7,1,0.0
761,183.171.23.91,3,6.0
762,183.171.24.37,1,0.0
763,183.171.25.121,1,0.0
764,183.171.25.151,1,0.0
765,183.171.25.178,1,0.0
766,183.171.25.3,1,0.0
767,183.171.26.115,1,0.0
768,183.171.26.148,2,628.0
769,183.171.26.192,1,0.0
770,183.171.27.60,1,0.0
771,183.171.28.174,1,0.0
772,183.171.29.66,1,0.0
773,183.171.30.162,1,0.0
774,183.171.30.198,1,0.0
775,183.171.31.246,1,0.0
776,183.171.64.227,1,0.0
777,183.171.65.132,1,0.0
778,183.171.65.163,2,13.0
779,183.171.65.2,1,0.0
780,183.171.65.233,1,0.0
781,183.171.66.30,1,0.0
782,183.171.67.170,1,0.0
783,183.171.68.125,2,4.0
784,183.171.69.42,1,0.0
785,183.171.70.204,1,0.0
786,183.171.70.211,2,2596.0
787,183.171.71.16,1,0.0
788,183.171.73.89,1,0.0
789,183.171.76.207,1,0.0
790,183.171.77.19,1,0.0
791,183.171.77.190,1,0.0
792,183.171.77.4,1,0.0
793,183.171.77.85,1,0.0
794,183.171.79.62,1,0.0
795,183.171.80.226,1,0.0
796,183.171.81.246,3,42.0
797,183.171.84.38,2,8.0
798,183.171.85.216,1,0.0
799,183.171.87.70,1,0.0
800,183.171.90.71,1,0.0
801,183.171.91.232,1,0.0
802,183.171.95.194,1,0.0
803,183.78.10.16,2,4.0
804,183.78.114.225,53,3841.0
805,183.78.115.163,1,0.0
806,183.78.117.87,1,0.0
807,183.78.118.135,1,0.0
808,183.78.44.46,1,0.0
809,183.78.80.128,1,0.0
810,183.78.80.189,2,8.0
811,183.78.81.47,2,12.0
812,183.78.84.201,1,0.0
813,183.78.84.245,6,89.0
814,183.78.90.244,1,0.0
815,184.72.112.212,5,1075.0
816,202.168.64.145,1,0.0
817,202.168.68.247,1,0.0
818,202.184.120.110,2,4.0
819,202.184.3.163,2,2.0
820,202.185.131.128,2,1.0
821,202.185.46.126,295,116619.0
822,202.185.50.187,2,3.0
823,202.186.106.24,3,4.0
824,202.186.169.32,3,50.0
825,202.186.170.225,2,1.0
826,202.186.54.255,36,123.0
827,202.186.87.248,89,1542.0
828,202.187.187.206,35,245.0
829,202.187.203.115,1,0.0
830,202.187.241.197,2,2.0
831,202.187.41.49,2,5.0
832,202.187.44.44,1,0.0
833,202.188.199.105,2,1.0
834,202.188.26.141,2,3.0
835,202.188.83.101,1,0.0
836,202.190.116.239,2,4.0
837,202.190.2.103,1,0.0
838,202.190.206.214,4,45.0
839,202.190.74.185,39,228.0
840,202.190.84.142,2,3.0
841,203.106.143.56,2,3.0
842,203.106.159.70,1,0.0
843,203.106.224.19,2,4.0
844,203.106.70.65,1,0.0
845,203.82.75.132,27,449410.0
846,203.82.75.133,18,370338.0
847,203.82.75.134,34,448871.0
848,209.190.95.42,1,0.0
849,210.186.190.152,2,2.0
850,210.186.195.164,98,8128.0
851,210.186.5.93,2,1.0
852,210.187.212.110,2,2.0
853,210.187.225.202,2,8.0
854,210.187.255.161,2,3.0
855,210.195.105.120,2,4.0
856,210.195.148.237,2,6.0
857,210.195.158.50,1,0.0
858,210.195.215.13,37,188.0
859,210.195.51.114,2,6.0
860,210.195.80.212,2,3.0
861,210.195.83.102,1,0.0
862,218.111.218.174,38,268.0
863,218.111.223.118,1,0.0
864,218.111.249.226,2,1.0
865,218.208.174.1,2,3.0
866,218.208.18.241,2,3.0
867,218.208.216.190,1,0.0
868,219.92.163.1,1,0.0
869,219.92.167.28,1,0.0
870,219.92.175.186,1,0.0
871,219.92.177.158,1,0.0
872,219.92.199.22,4,9.0
873,219.92.209.211,1,0.0
874,219.92.68.234,1,0.0
875,219.93.140.101,1,0.0
876,219.93.144.65,4,51.0
877,219.93.158.43,241,449072.0
878,219.93.182.200,1,0.0
879,219.93.236.38,2,1.0
880,219.94.102.119,2,8.0
881,219.94.86.76,281,3038.0
882,219.95.195.75,6,12779.0
883,219.95.29.164,1,0.0
884,219.95.81.212,2,2.0
885,27.115.124.38,1,0.0
886,27.115.124.70,1,0.0
887,27.125.240.101,1,0.0
888,27.125.240.104,3,235609.0
889,27.125.240.122,1,0.0
890,27.125.240.14,1,0.0
891,27.125.240.144,1,0.0
892,27.125.240.17,1,0.0
893,27.125.240.196,1,0.0
894,27.125.240.20,1,0.0
895,27.125.240.219,1,0.0
896,27.125.240.228,1,0.0
897,27.125.240.251,35,156.0
898,27.125.240.33,1,0.0
899,27.125.240.43,1,0.0
900,27.125.240.46,1,0.0
901,27.125.240.91,1,0.0
902,27.125.240.99,1,0.0
903,27.125.241.114,1,0.0
904,27.125.241.160,2,24.0
905,27.125.241.18,1,0.0
906,27.125.241.200,1,0.0
907,27.125.241.41,2,2.0
908,27.125.241.44,1,0.0
909,27.125.241.50,1,0.0
910,27.125.242.154,1,0.0
911,27.125.242.158,1,0.0
912,27.125.242.179,1,0.0
913,27.125.242.190,5,35.0
914,27.125.242.200,1,0.0
915,27.125.242.22,1,0.0
916,27.125.242.23,1,0.0
917,27.125.242.232,1,0.0
918,27.125.242.234,2,14.0
919,27.125.242.25,1,0.0
920,27.125.242.32,1,0.0
921,27.125.242.46,34,2128.0
922,27.125.242.48,1,0.0
923,27.125.242.66,1,0.0
924,27.125.242.67,1,0.0
925,27.125.244.124,2,13.0
926,27.125.244.206,1,0.0
927,27.125.244.207,1,0.0
928,27.125.244.227,1,0.0
929,27.125.244.254,2,11.0
930,27.125.244.34,1,0.0
931,27.125.244.70,1,0.0
932,27.125.245.106,1,0.0
933,27.125.245.130,2,1.0
934,27.125.245.167,2,8.0
935,27.125.245.174,1,0.0
936,27.125.245.203,1,0.0
937,27.125.245.217,1,0.0
938,27.125.245.219,1,0.0
939,27.125.245.222,1,0.0
940,27.125.245.240,2,14.0
941,27.125.245.38,1,0.0
942,27.125.245.41,1,0.0
943,27.125.245.43,1,0.0
944,27.125.246.130,2,14.0
945,27.125.246.157,4,49.0
946,27.125.246.164,1,0.0
947,27.125.246.195,1,0.0
948,27.125.246.43,1,0.0
949,27.125.246.45,1,0.0
950,27.125.246.82,1,0.0
951,27.125.246.95,1,0.0
952,27.125.248.102,1,0.0
953,27.125.248.147,34,340.0
954,27.125.248.15,3,73.0
955,27.125.248.169,1,0.0
956,27.125.248.194,1,0.0
957,27.125.248.21,1,0.0
958,27.125.248.215,1,0.0
959,27.125.248.222,1,0.0
960,27.125.248.34,2,13.0
961,27.125.249.100,37,321.0
962,27.125.249.106,1,0.0
963,27.125.249.108,1,0.0
964,27.125.249.111,1,0.0
965,27.125.249.119,1,0.0
966,27.125.249.152,1,0.0
967,27.125.249.157,1,0.0
968,27.125.249.17,1,0.0
969,27.125.249.226,1,0.0
970,27.125.249.229,1,0.0
971,27.125.249.231,3,5.0
972,27.125.249.31,1,0.0
973,27.125.249.32,1,0.0
974,27.125.249.54,1,0.0
975,27.125.249.57,1,0.0
976,27.125.249.96,1,0.0
977,27.125.250.107,2,5.0
978,27.125.250.125,1,0.0
979,27.125.250.134,1,0.0
980,27.125.250.139,1,0.0
981,27.125.250.150,1,0.0
982,27.125.250.160,1,0.0
983,27.125.250.194,1,0.0
984,27.125.250.199,1,0.0
985,27.125.250.210,1,0.0
986,27.125.250.22,1,0.0
987,27.125.250.229,1,0.0
988,27.125.250.53,2,14.0
989,27.125.250.62,1,0.0
990,27.125.250.89,1,0.0
991,27.125.250.95,1,0.0
992,27.125.250.98,1,0.0
993,3.81.2.158,1,0.0
994,3.83.10.28,1,0.0
995,3.83.147.143,1,0.0
996,3.87.25.96,1,0.0
997,3.87.27.130,3,1259.0
998,3.92.235.15,1,0.0
999,3.95.30.151,1,0.0
1000,31.13.103.1,2,1.0
1001,31.13.103.10,1,0.0
1002,31.13.103.116,2,1.0
1003,31.13.103.119,1,0.0
1004,31.13.103.15,1,0.0
1005,31.13.103.17,1,0.0
1006,31.13.103.18,1,0.0
1007,31.13.103.24,1,0.0
1008,31.13.103.3,1,0.0
1009,31.13.103.9,2,1.0
1010,31.13.115.1,3,215545.0
1011,31.13.115.10,3,484134.0
1012,31.13.115.111,1,0.0
1013,31.13.115.112,2,3.0
1014,31.13.115.116,2,1.0
1015,31.13.115.118,2,1.0
1016,31.13.115.119,2,1.0
1017,31.13.115.13,4,484136.0
1018,31.13.115.16,3,83064.0
1019,31.13.115.17,1,0.0
1020,31.13.115.18,1,0.0
1021,31.13.115.21,2,3.0
1022,31.13.115.23,4,132484.0
1023,31.13.115.4,2,1.0
1024,31.13.115.5,3,313138.0
1025,31.13.115.6,2,2.0
1026,31.13.115.8,2,396202.0
1027,31.13.115.9,1,0.0
1028,31.13.127.1,4,73432.0
1029,31.13.127.11,1,0.0
1030,31.13.127.111,1,0.0
1031,31.13.127.113,2,2.0
1032,31.13.127.116,1,0.0
1033,31.13.127.117,1,0.0
1034,31.13.127.119,1,0.0
1035,31.13.127.120,2,156254.0
1036,31.13.127.13,1,0.0
1037,31.13.127.14,4,73432.0
1038,31.13.127.16,2,9853.0
1039,31.13.127.18,6,6.0
1040,31.13.127.19,1,0.0
1041,31.13.127.2,6,8.0
1042,31.13.127.21,3,18880.0
1043,31.13.127.22,3,64406.0
1044,31.13.127.24,4,5.0
1045,31.13.127.25,3,175132.0
1046,31.13.127.29,4,4.0
1047,31.13.127.3,5,68763.0
1048,31.13.127.30,2,65682.0
1049,31.13.127.31,1,0.0
1050,31.13.127.32,6,1271.0
1051,31.13.127.33,1,0.0
1052,31.13.127.35,1,0.0
1053,31.13.127.4,1,0.0
1054,31.13.127.40,1,0.0
1055,31.13.127.41,1,0.0
1056,31.13.127.6,4,175132.0
1057,31.13.127.7,2,2.0
1058,31.13.127.9,4,65680.0
1059,34.207.200.46,2,542.0
1060,34.207.223.48,2,307.0
1061,34.209.124.51,1,0.0
1062,34.212.167.18,1,0.0
1063,34.214.131.145,1,0.0
1064,34.217.149.153,1,0.0
1065,34.217.17.190,2,850.0
1066,34.219.136.247,2,1257.0
1067,34.219.178.239,2,328.0
1068,34.221.142.39,1,0.0
1069,34.221.154.154,2,1196.0
1070,34.222.36.197,1,0.0
1071,34.239.109.246,1,0.0
1072,35.162.157.3,1,0.0
1073,35.165.72.144,1,0.0
1074,38.91.100.103,1,0.0
1075,40.77.167.36,3,205.0
1076,40.94.25.133,1,0.0
1077,40.94.25.163,1,0.0
1078,40.94.25.175,2,1.0
1079,42.0.30.151,1,0.0
1080,42.153.129.103,1,0.0
1081,42.153.129.124,65,2806.0
1082,42.153.129.27,1,0.0
1083,42.153.131.36,1,0.0
1084,42.153.133.2,1,0.0
1085,42.153.138.228,1,0.0
1086,42.153.139.176,2,5.0
1087,42.153.145.65,1,0.0
1088,42.153.151.230,1,0.0
1089,42.153.48.168,1,0.0
1090,42.153.54.56,2,3.0
1091,42.153.58.83,1,0.0
1092,42.188.125.23,1,0.0
1093,42.188.159.15,2,2.0
1094,42.188.209.15,2,1.0
1095,42.188.26.49,1,0.0
1096,42.188.97.152,1,0.0
1097,42.189.122.44,1,0.0
1098,42.189.129.7,1,0.0
1099,42.189.142.38,2,4.0
1100,42.189.147.38,2,1.0
1101,42.189.150.100,53,581.0
1102,42.189.152.135,2,2.0
1103,42.189.17.90,1,0.0
1104,42.189.190.137,1,0.0
1105,42.189.250.185,2,2.0
1106,42.189.83.177,2,5.0
1107,42.190.234.92,2,1.0
1108,42.190.5.11,2,5.0
1109,42.191.118.71,35,338.0
1110,42.191.129.72,2,7.0
1111,42.191.78.153,4,84.0
1112,42.191.84.27,2,2.0
1113,42.61.238.132,59,588.0
1114,50.112.179.150,1,0.0
1115,52.24.113.54,2,986.0
1116,52.33.74.123,1,0.0
1117,52.42.80.90,1,0.0
1118,54.146.219.15,1,0.0
1119,54.163.0.137,1,0.0
1120,54.185.209.42,1,0.0
1121,54.189.116.137,1,0.0
1122,54.190.158.10,1,0.0
1123,54.198.153.192,1,0.0
1124,54.200.79.41,1,0.0
1125,54.213.214.194,1,0.0
1126,54.218.104.114,1,0.0
1127,54.218.53.14,2,1026.0
1128,54.218.66.186,1,0.0
1129,54.70.56.83,2,273690.0
1130,54.80.240.65,2,70.0
1131,54.89.229.225,1,0.0
1132,54.92.138.244,2,242.0
1133,58.251.98.105,1,0.0
1134,60.48.160.150,2,1.0
1135,60.48.202.249,84,1897.0
1136,60.48.223.194,2,3.0
1137,60.49.110.65,2,1.0
1138,60.49.122.8,2,1.0
1139,60.49.170.126,2,2.0
1140,60.49.242.243,53,700.0
1141,60.49.245.61,1,0.0
1142,60.50.124.235,1,0.0
1143,60.50.18.43,3,165827.0
1144,60.50.186.9,1,0.0
1145,60.50.210.4,1,0.0
1146,60.50.238.72,2,4.0
1147,60.50.30.173,47,1521.0
1148,60.50.4.97,75,1445.0
1149,60.50.45.180,2,5.0
1150,60.51.137.200,2,3.0
1151,60.51.233.243,2,2.0
1152,60.51.3.59,4,70.0
1153,60.51.33.233,1,0.0
1154,60.51.33.254,6,121.0
1155,60.51.33.81,44,939.0
1156,60.52.136.94,4,64.0
1157,60.52.139.40,2,7.0
1158,60.52.192.100,2,2.0
1159,60.52.198.186,1,0.0
1160,60.52.202.213,55,427.0
1161,60.52.228.90,2,2.0
1162,60.52.234.62,3,27.0
1163,60.52.238.49,2,2.0
1164,60.52.38.174,4,43.0
1165,60.52.4.89,2,1.0
1166,60.52.43.181,1,0.0
1167,60.52.55.49,103,167040.0
1168,60.53.18.215,1,0.0
1169,60.53.244.236,54,26980.0
1170,60.54.207.115,70,2191.0
1171,61.221.225.123,1,0.0
1172,61.6.236.167,12,82.0
1173,61.6.237.128,21,112.0
1174,66.102.7.117,2,760.0
1175,66.220.149.1,6,344807.0
1176,66.220.149.10,1,0.0
1177,66.220.149.117,2,206041.0
1178,66.220.149.118,2,125507.0
1179,66.220.149.119,3,167128.0
1180,66.220.149.12,2,92568.0
1181,66.220.149.120,1,0.0
1182,66.220.149.14,2,1.0
1183,66.220.149.15,1,0.0
1184,66.220.149.16,2,218606.0
1185,66.220.149.17,1,0.0
1186,66.220.149.18,2,34018.0
1187,66.220.149.2,1,0.0
1188,66.220.149.20,2,372900.0
1189,66.220.149.21,1,0.0
1190,66.220.149.22,1,0.0
1191,66.220.149.24,2,1.0
1192,66.220.149.25,1,0.0
1193,66.220.149.26,2,203694.0
1194,66.220.149.29,1,0.0
1195,66.220.149.3,2,1.0
1196,66.220.149.32,2,160202.0
1197,66.220.149.33,1,0.0
1198,66.220.149.34,2,1.0
1199,66.220.149.35,3,167557.0
1200,66.220.149.37,2,178735.0
1201,66.220.149.38,1,0.0
1202,66.220.149.39,5,252084.0
1203,66.220.149.4,2,15001.0
1204,66.220.149.40,5,203692.0
1205,66.220.149.41,1,0.0
1206,66.220.149.43,1,0.0
1207,66.220.149.44,4,3.0
1208,66.220.149.45,4,450525.0
1209,66.220.149.46,2,236948.0
1210,66.220.149.47,1,0.0
1211,66.220.149.5,1,0.0
1212,66.220.149.50,2,58975.0
1213,66.220.149.52,1,0.0
1214,66.220.149.6,2,1.0
1215,66.220.149.7,5,409732.0
1216,66.220.149.8,2,79.0
1217,66.220.149.9,4,203701.0
1218,69.171.231.113,1,0.0
1219,69.171.231.118,1,0.0
1220,69.171.231.119,1,0.0
1221,69.171.249.1,1,0.0
1222,69.171.249.10,1,0.0
1223,69.171.249.111,1,0.0
1224,69.171.249.117,3,438515.0
1225,69.171.249.118,2,93791.0
1226,69.171.249.119,2,423386.0
1227,69.171.249.120,1,0.0
1228,69.171.249.15,1,0.0
1229,69.171.249.17,1,0.0
1230,69.171.249.20,1,0.0
1231,69.171.249.21,3,522584.0
1232,69.171.249.23,2,95861.0
1233,69.171.249.24,2,532831.0
1234,69.171.249.3,2,413924.0
1235,69.171.249.5,2,482731.0
1236,69.171.249.6,3,10250.0
1237,69.171.249.7,3,417103.0
1238,69.171.251.119,2,7.0
1239,69.171.251.13,1,0.0
1240,69.171.251.20,1,0.0
1241,69.171.251.6,1,0.0
1242,69.63.184.113,1,0.0
1243,69.63.184.118,1,0.0
1244,69.63.184.2,3,155421.0
1245,74.125.212.3,2,1.0
1246,89.187.163.218,2,3.0
1247,89.211.218.184,1,0.0
